City_ID,City,Country,Max Temp,Current Description,Lat,Lng,Hotel Name
0,Burgthann,DE,73.4,moderate rain,49.352,11.3115,Hotel-Restaurant Hellmann
2,Hilo,US,84.27,scattered clouds,19.7297,-155.09,Hilo Hawaiian Hotel
5,Butaritari,KI,81.18,moderate rain,3.0707,172.7902,Isles Sunset Lodge
8,Keti Bandar,PK,82.94,overcast clouds,24.1447,67.4497,Haji laloo memon house
10,Kuala Kedah,MY,80.58,few clouds,6.1,100.3,Artini Homestay
13,Pimenta Bueno,BR,70.97,clear sky,-11.6725,-61.1936,Cristalina Palace Hotel
14,,,,,,,
16,Atuona,PF,77.63,scattered clouds,-9.8,-139.0333,Villa Enata
19,Sidi Ali,DZ,73.26,clear sky,36.0998,0.4206,Complexe touristique haje bezine
20,Changji,CN,74.19,clear sky,44.0167,87.3167,Lvye Holiday Resort
27,Kathmandu,NP,70.02,broken clouds,27.7167,85.3167,Hotel Shanker Kathmandu
28,Bathsheba,BB,81.21,scattered clouds,13.2167,-59.5167,Atlantis Hotel
30,Huangpu,CN,85.8,overcast clouds,25.4433,113.1747,New Era Hotel Furnishing City
32,,,,,,,
33,Bagdarin,RU,72.27,scattered clouds,54.4333,113.6,Gostevoy Dom Terem
34,Rikitea,PF,73.42,light rain,-23.1203,-134.9692,People ThankYou
35,Kapaa,US,87.78,scattered clouds,22.0752,-159.319,Sheraton Kauai Coconut Beach Resort
41,Kirakira,SB,85.59,scattered clouds,-10.4544,161.9205,SanBiz Lodge
42,Jamestown,US,82.02,clear sky,42.097,-79.2353,Hampton Inn & Suites Jamestown
44,Ribeira Grande,PT,72.63,clear sky,38.5167,-28.7,Quinta da Meia Eira
47,Tautira,PF,76.39,light rain,-17.7333,-149.15,Pension Oaoa
48,Zarand,IR,75.99,clear sky,30.8127,56.564,مهمانسرای فناپ
50,Kieta,PG,84.16,broken clouds,-6.2167,155.6333,Uruna Bay Retreat
56,,,,,,,
59,Bethel,US,82.6,clear sky,41.3712,-73.414,Courtyard by Marriott Danbury
61,Dingle,PH,84.92,overcast clouds,10.9995,122.6711,SEGAYA PROPERTY
64,Kahului,US,83.97,scattered clouds,20.8947,-156.47,Maui Seaside Hotel
65,Norman Wells,CA,75.24,broken clouds,65.282,-126.8329,Heritage Hotel
67,Caravelas,BR,70.2,clear sky,-17.7125,-39.2481,Pousada dos Navegantes
68,Reconquista,AR,70.5,overcast clouds,-29.15,-59.65,Grand Hotel
70,,,,,,,
79,Krabi,TH,82.06,few clouds,8.0726,98.9105,Tharapark View Hotel
81,Tambopata,PE,72.73,clear sky,-12.7333,-69.1833,Enashawa Lodge
82,Baruun-Urt,MN,78.67,clear sky,46.6806,113.2792,Ахмадын амралт сувилал
84,San Cristobal,VE,75.38,broken clouds,7.7669,-72.225,Pirineos
86,Bogande,BF,79.02,broken clouds,12.9714,-0.1436,Auberge Wendkouni
87,Son La,VN,74.89,overcast clouds,21.3167,103.9,Galaxy Grand Hotel
89,Fatehabad,IN,76.98,overcast clouds,29.5167,75.45,Duke Hotel & Restaurant
90,Naze,JP,85.12,broken clouds,28.3667,129.4833,Shishime Hotel
95,Palmer,US,83.07,clear sky,42.1584,-72.3287,Wedgewood Motel
96,Nizhnyaya Poyma,RU,70.14,few clouds,56.1622,97.1933,Gostinitsa
98,Namtsy,RU,80.28,light rain,62.7161,129.6658,"""Эңсиэли Киин"""
99,Avarua,CK,71.65,light rain,-21.2078,-159.775,Paradise Inn
103,Rancho Palos Verdes,US,86.07,few clouds,33.7445,-118.387,Terranea Resort
106,,,,,,,
109,Japura,ID,79.03,broken clouds,-0.3167,102.35,Rumah mbah Jamah
112,Vaini,TO,78.96,few clouds,-21.2,-175.2,Keleti Beach Resort
113,Luganville,VU,83.75,few clouds,-15.5333,167.1667,The Espiritu Hotel
114,Banda Aceh,ID,84.9,broken clouds,5.5577,95.3222,OYO 884 Rumoh PMI Hotel
115,Lengshuijiang,CN,87.85,overcast clouds,27.6881,111.4294,Sheraton
116,Victoria,HK,89.96,few clouds,22.2855,114.1577,Mini Central
119,Pocone,BR,72.82,broken clouds,-16.2567,-56.6228,Hotel e Churrascaria Pantaneira
121,Xiazhen,CN,80.73,few clouds,34.8022,117.1117,Xinjiayuan Hotel
122,Yazoo City,US,86.7,few clouds,32.8551,-90.4056,Hampton Inn Yazoo City
123,Bumba,CD,69.89,light rain,2.1833,22.4667,Père Carlos
124,Arraial Do Cabo,BR,70.2,few clouds,-22.9661,-42.0278,Pousada Porto Praia
125,Kantunilkin,MX,79.99,few clouds,21.0917,-87.45,Posada Paraiso
131,Amarkantak,IN,72.63,moderate rain,22.6667,81.75,STARiHOTELS Amarkantak Madhya Pradesh
133,,,,,,,
134,Kadoma,JP,89.19,broken clouds,34.7333,135.5833,Hotel Agora Osaka Moriguchi
135,Santa Isabel Do Rio Negro,BR,72.61,overcast clouds,-0.4139,-65.0192,Hotel GSA
136,Lagoa,PT,70.97,clear sky,39.05,-27.9833,Casa Das Faias
141,Felanitx,ES,79.14,clear sky,39.4696,3.1483,Petit Hotel Hostatgeria Sant Salvador
142,Bandarbeyla,SO,74.61,clear sky,9.4942,50.8122,JABIR HOTEL
143,Meulaboh,ID,79.99,overcast clouds,4.1363,96.1285,Kost Pria
144,Manokwari,ID,82.81,broken clouds,-0.8667,134.0833,Swiss Belhotel Manokwari
145,Fare,PF,77.63,light rain,-16.7,-151.0167,Maitai Lapita Village Huahine
146,Sao Filipe,CV,75.52,broken clouds,14.8961,-24.4956,Hotel Xaguate
148,Milos,GR,73.8,clear sky,36.75,24.4333,Ξενοδοχείο Αγνάντι
149,Tomatlan,MX,83.01,broken clouds,19.9333,-105.25,El Salvial
152,,,,,,,
157,Manoel Urbano,BR,72.28,clear sky,-8.8389,-69.2597,Baixada Beira Rio
158,Fairbanks,US,69.76,broken clouds,64.8378,-147.7164,Westmark Fairbanks Hotel & Conference Center
159,Huron,US,81.16,clear sky,41.1501,-82.5499,Meadow Brook Mobile Estates
163,Port Blair,IN,78.84,moderate rain,11.6667,92.75,"Welcomhotel By ITC Hotels, Bay Island, Port Blair"
164,Ponta Do Sol,PT,70.72,few clouds,32.6667,-17.1,Hotel do Campo
167,Wakema,MM,81.46,moderate rain,16.6,95.1833,Aung Kaday Hotel
168,Shingu,JP,87.67,scattered clouds,33.7333,135.9833,Shingu UI Hotel
170,Bengkulu,ID,80.44,few clouds,-3.8004,102.2655,Grage Hotel Bengkulu
171,San Andres,CO,84.22,scattered clouds,12.5847,-81.7006,Hotel Arena Blanca
176,Scottsboro,US,89.69,scattered clouds,34.6723,-86.0341,Budget Inn
178,Hithadhoo,MV,79.7,light rain,-0.6,73.0833,Scoop Guest House
180,Puerto Colombia,CO,80.69,broken clouds,10.9878,-74.9547,Hotel El Emigrante
181,,,,,,,
182,Sabha,LY,78.03,clear sky,27.0377,14.4283,محطة ام الارانب -سبها مواصلات
184,,,,,,,
185,Pontes E Lacerda,BR,69.66,clear sky,-15.2261,-59.3353,Hotel Bressan
189,Chake Chake,TZ,72.97,few clouds,-5.2459,39.7666,Hotel Archipelago
190,,,,,,,
192,Lufilufi,WS,85.78,few clouds,-13.8745,-171.5986,Leuaina Beach Resort and Spa
194,Tumpat,MY,80.58,few clouds,6.1978,102.171,Baan Tanyong B&B
195,,,,,,,
198,Tayu,ID,81.84,clear sky,-6.5397,111.0518,Toko pakaian bu is Tayu
199,Farkhor,TJ,88.45,clear sky,37.4922,69.4036,Khonai Abdulkhayrov
203,Kattivakkam,IN,81.07,overcast clouds,13.2167,80.3167,Euronova Freezer
206,Hobyo,SO,74.7,scattered clouds,5.3505,48.5268,Iftin hotel hobyo
208,Ibra,OM,79.88,overcast clouds,22.6906,58.5334,مزرعة راحة النفوس المنزفة
210,Vila Franca Do Campo,PT,70.21,scattered clouds,37.7167,-25.4333,Pestana Bahia Praia
212,Palu,ID,88.86,few clouds,-0.8917,119.8707,Hotel Santika Palu
215,Mahibadhoo,MV,81.9,overcast clouds,3.7833,72.9667,Omadhoo Inn
216,Tavrichanka,RU,71.46,overcast clouds,43.3378,131.8639,Country House Tavrichanka
218,Natal,BR,75.42,broken clouds,-5.795,-35.2094,Villa Park Hotel | Natal
224,Sur,OM,83.39,overcast clouds,22.5667,59.5289,Sur Plaza Hotel
226,Pangkalanbuun,ID,84.06,clear sky,-2.6833,111.6167,Grand Kecubung Hotel
227,Kavieng,PG,82.9,light rain,-2.5744,150.7967,Nusa Island Retreat
228,Faanui,PF,78.1,light rain,-16.4833,-151.75,Bora-Bora Pearl Beach Resort & Spa
230,Plaster Rock,CA,70.32,scattered clouds,46.9065,-67.39,Settler's Inn and Motel
233,Samarai,PG,82.89,clear sky,-10.6167,150.6667,Nuli Sapi
234,Passo De Camaragibe,BR,76.55,light rain,-9.2368,-35.4901,Chácara vovó candinha
236,Sept-Iles,CA,71.6,few clouds,50.2001,-66.3821,Comfort Inn
237,Sumenep,ID,82.58,few clouds,-7.0167,113.8667,OYO 3271 Homestay Pandian
238,Buriti Bravo,BR,70.48,clear sky,-5.8372,-43.8336,Hotel Brasil
239,Vanimo,PG,85.48,broken clouds,-2.6741,141.3028,Vahmoneh Lodge Vanimo
241,Vao,NC,74.1,overcast clouds,-22.6667,167.4833,Hotel Kou-Bugny
243,Amahai,ID,78.67,overcast clouds,-3.3333,128.9167,HOTEL ISABELA
244,San Quintin,MX,71.6,clear sky,30.4833,-115.95,Don Eddie's Sport Fishing Center
246,Pio Xii,BR,72.66,broken clouds,-3.8325,-45.1525,BACURI DOS QUARESMAS
247,Georgetown,MY,82.33,few clouds,5.4112,100.3354,Cititel Penang
249,College,US,69.75,broken clouds,64.8569,-147.8028,Pike's Waterfront Lodge
250,The Valley,AI,82.26,clear sky,18.217,-63.0578,CeBlue Villas & Beach Resort
252,Guerrero Negro,MX,73.06,clear sky,27.9769,-114.0611,"Casa Laguna, Bed & Breakfast"
253,Axim,GH,72.64,clear sky,4.8699,-2.2405,Axim Beach Resort And Spa
255,Maracacume,BR,72.16,few clouds,-2.0428,-45.9592,Hotel Ramos
256,Awbari,LY,77.99,clear sky,26.5921,12.7805,فندق أوباري
257,Panacan,PH,84.85,overcast clouds,9.2463,118.4082,Mom's Place Resort
258,Olinda,BR,73.13,mist,-8.0089,-34.8553,Flat Quatro Rodas Olinda
259,,,,,,,
260,Chabahar,IR,82.49,overcast clouds,25.2919,60.643,هتل گدروشیا
262,Tottori,JP,78.87,overcast clouds,35.5,134.2333,Hotel Monarque Tottori
263,Sinnamary,GF,77.31,scattered clouds,5.3833,-52.95,ALETHEIA Appartement Sinnamary
264,San Policarpo,PH,84.4,light rain,12.1791,125.5072,Agapita M. Nicart
265,Denpasar,ID,78.46,broken clouds,-8.65,115.2167,OYO 3156 Hotel Warta 2
268,Kihei,US,83.97,scattered clouds,20.785,-156.4656,Maui Sunset
269,Hasaki,JP,86.4,overcast clouds,35.7333,140.8333,Inubosaki Kanko Hotel
271,Sandpoint,US,88.43,clear sky,48.2766,-116.5533,Hotel Ruby Sandpoint/Ponderay
272,Santa Barbara,US,82.35,clear sky,34.7333,-120.0343,Upper Ballard Campground
274,Aksu,CN,76.71,clear sky,41.1231,80.2644,Pudong Holiday Hotel
277,Honiara,SB,88.14,overcast clouds,-9.4333,159.95,Heritage Park Hotel
279,,,,,,,
284,San Felipe,VE,71.47,broken clouds,10.3399,-68.7425,Posada Llovizna Rodríguez
287,Goderich,CA,74.91,clear sky,43.7501,-81.7165,Harmony Inn
290,,,,,,,
293,,,,,,,
294,Ixtapa,MX,88.83,broken clouds,20.7,-105.2,hotel la terminal
295,Kimbe,PG,87.37,overcast clouds,-5.5502,150.1429,Kimbe Bay Hotel
299,Nakhon Phanom,TH,80.28,light rain,17.3333,104.4167,ป่ายางรีสอร์ท
302,Sohag,EG,82.69,clear sky,26.557,31.6948,Civil Registry - Sohag 1
303,,,,,,,
305,Aguimes,ES,74.03,clear sky,27.9054,-15.4461,Hotel Villa de Aguimes
311,Prado,BR,69.37,clear sky,-17.3411,-39.2208,INN CORNER RIVER - PRADO - BAHIA - HOUSING AND HOTEL
313,Surt,LY,77.74,clear sky,31.2089,16.5887,الهادي ابوشعاله سرت
316,Tandalti,SD,71.92,light rain,13.0167,31.8667,منزل : الهادي محمد مساعد
317,Boa Vista,BR,84.18,scattered clouds,2.8197,-60.6733,Aipana Plaza Hotel
319,Lompoc,US,85.78,clear sky,34.6391,-120.4579,"Holiday Inn Express Lompoc, an IHG Hotel"
321,San-Pedro,CI,74.41,overcast clouds,4.7485,-6.6363,Hotel Maria
327,Akyab,MM,83.5,overcast clouds,20.15,92.9,Hotel Memory
329,Prince George,CA,79.25,clear sky,53.9166,-122.753,Canadas Best Value Inn Prince George
330,,,,,,,
332,Hami,CN,72.25,few clouds,42.8,93.45,Laoyutang Resort
334,Lorengau,PG,84.56,heavy intensity rain,-2.0226,147.2712,Lorengau Harbourside Hotel
336,Cabadiangan,PH,85.87,overcast clouds,9.7531,122.4739,Kipot
337,Nouadhibou,MR,69.78,few clouds,20.931,-17.0347,El Medina
340,Paka,MY,81.28,heavy intensity rain,4.6374,103.4368,RUMBIA RESORT VILLA Paka Terengganu
342,Namatanai,PG,84.22,light rain,-3.6667,152.4333,Seagulls Inn Namatani
346,Toamasina,MG,71.6,broken clouds,-18.1667,49.3833,Hotel H1
348,Piacabucu,BR,73.67,overcast clouds,-10.4056,-36.4344,Piaçabuçu News
349,Marsh Harbour,BS,82.42,clear sky,26.5412,-77.0636,Abaco Beach Resort
352,Maumere,ID,81.45,broken clouds,-8.6199,122.2111,Sylvia Hotel
353,Qeshm,IR,89.47,clear sky,26.9581,56.2719,Qeshm Kavan Hotel
354,Tongliao,CN,73.63,overcast clouds,43.6125,122.2653,Meirujia Hotel
356,Gazli,UZ,89.44,clear sky,40.1333,63.45,UTG Uy-joy kommunal xoʻjaligi
358,Am Timan,TD,72.46,overcast clouds,11.0297,20.2827,Palais du chef Canton Salamt
359,Cockburn Town,TC,82.26,clear sky,21.4612,-71.1419,Osprey Beach Hotel
360,Biltine,TD,81.79,overcast clouds,14.5333,20.9167,Hôtel Trois Étoiles de Biltine
361,Panalingaan,PH,86.11,overcast clouds,8.7842,117.4231,I Love Panalingaan View Deck
363,Nicoya,CR,75.15,overcast clouds,10.1483,-85.452,Las Cabinas Del Sueño
364,Jalu,LY,72.46,clear sky,29.0331,21.5482,صاحبة الفخامة
365,Aquiraz,BR,79.18,broken clouds,-3.9014,-38.3911,Pousada Rua Camurupim
367,Port Moresby,PG,81.88,few clouds,-9.4431,147.1797,Lamana Hotel (Port Moresby)
370,Kutum,SD,72.82,scattered clouds,14.2,24.6667,Dibbo areaمنطقة دبو
371,Mareeba,AU,76.48,broken clouds,-17.0,145.4333,Trinity Plains Tourist Park
373,Bellavista,PE,74.48,overcast clouds,-7.0561,-76.5911,Hospedaje Bella Durmiente
374,,,,,,,
375,Jussara,BR,71.56,scattered clouds,-23.6214,-52.4694,Big hotel e Restaurante e hambugueria
377,,,,,,,
378,Kununurra,AU,82.38,clear sky,-15.7667,128.7333,Hotel Kununurra
380,Katherine,AU,79.12,scattered clouds,-14.4667,132.2667,Pine Tree Motel
382,Moengo,SR,72.86,few clouds,5.6167,-54.4,Masanga
386,Awjilah,LY,72.27,clear sky,29.1081,21.2869,المنزل
391,Williston,US,77.74,clear sky,48.147,-103.618,Hampton Inn & Suites Williston
392,Komsomolskiy,UZ,77.72,clear sky,40.4272,71.7189,Ikathouse
394,Port-Gentil,GA,73.96,overcast clouds,-0.7193,8.7815,Fengshui Residence
396,Caborca,MX,90.25,broken clouds,30.5838,-111.101,Hotel Los Lagos
398,Delicias,ES,74.88,clear sky,41.6493,-0.9076,INNSiDE Zaragoza
401,,,,,,,
404,Ranong,TH,76.93,moderate rain,9.9658,98.6348,Numsai Khaosuay Resort Ranong
407,Phan Thiet,VN,79.75,overcast clouds,10.9333,108.1,Hotel Saigon-PT
410,Conakry,GN,76.6,moderate rain,9.538,-13.6773,Riviera Royal Hotel
411,Buchanan,LR,74.73,overcast clouds,5.8808,-10.0467,Kamaneahn Hotel Inc
413,Tuy Hoa,VN,80.46,overcast clouds,13.0833,109.3,CenDeluxe Hotel Tuy Hoa
414,Quang Ngai,VN,78.31,overcast clouds,15.1167,108.8,Central Hotel
416,Mayumba,GA,69.3,scattered clouds,-3.432,10.6554,LIKWALE LODGE
417,Pasighat,IN,78.57,overcast clouds,28.0667,95.3333,Siang Guest House
420,Dzilam Gonzalez,MX,81.7,few clouds,21.2833,-88.9333,posadas
421,Oussouye,SN,76.5,overcast clouds,12.485,-16.5469,Auberge du Routard
422,,,,,,,
423,Kapit,MY,85.51,broken clouds,2.0167,112.9333,Hotel Meligai Kapit
424,Belmonte,BR,70.86,few clouds,-15.8631,-38.8828,Pousada Monte Carmelo O Pão
427,,,,,,,
431,Corinto,GR,76.89,clear sky,37.9407,22.9573,Ephira Hotel
434,Shahrud,IR,70.92,clear sky,36.4182,54.9763,Royal Hotel
435,Griffith,US,82.06,scattered clouds,41.5284,-87.4237,Apartment above Depot Bar
436,Kupang,ID,83.95,broken clouds,-10.1667,123.5833,Hotel On The Rock by Prasanthi
439,Charters Towers,AU,71.49,clear sky,-20.1,146.2667,Cattleman's Rest Motor Inn
441,Whitefish,US,87.55,clear sky,48.4111,-114.3376,Best Western Rocky Mountain Lodge
443,Slave Lake,CA,73.38,clear sky,55.2834,-114.769,Super 8 by Wyndham Slave Lake AB
444,Vilyuysk,RU,70.99,overcast clouds,63.7553,121.6247,Gostinitsa Viliuisk
445,Zhangjiakou,CN,82.22,clear sky,40.81,114.8794,Shell Zhangjiakou City Qiaodong District Ginza Hotel
446,Kirksville,US,80.82,clear sky,40.1948,-92.5833,Budget Host-Village Inn
448,Touros,BR,73.06,overcast clouds,-5.1989,-35.4608,INN NEW HORIZON
451,Karangasem,ID,78.1,overcast clouds,-8.45,115.6167,Villa Campuhan
454,Ouesso,CG,69.49,light rain,1.6136,16.0517,ABENIE Hotel
455,Neiafu,TO,81.28,scattered clouds,-18.65,-173.9833,Mystic Sands Beachfront Accommodation
458,Bay City,US,77.41,overcast clouds,43.5945,-83.8889,DoubleTree by Hilton Hotel Bay City - Riverfront
459,Balikpapan,ID,85.19,few clouds,-1.2675,116.8289,Swiss-Belhotel Balikpapan
461,Ishigaki,JP,89.73,scattered clouds,24.3448,124.1572,Hotel Peace Land Ishigakijima
463,Kendari,ID,80.24,few clouds,-3.945,122.4989,Hotel Wixel
470,Atar,MR,83.23,scattered clouds,20.5169,-13.0499,Oumou Elghoura
471,Hamilton,US,88.65,scattered clouds,39.1834,-84.5333,Six Acres Bed & Breakfast
477,San Patricio,US,87.69,clear sky,28.017,-97.5169,"Motel 6 Sinton, TX"
478,Itaueira,BR,75.25,few clouds,-7.6033,-43.0256,Pousada e Restaurante Cheiro e Sabor
479,Cabedelo,BR,74.07,overcast clouds,-6.9811,-34.8339,Pousada Camboinha
483,Beibei,CN,83.37,broken clouds,29.8256,106.4339,FX Hotel Chongqing at Beibei Southwest University
484,Miyako,JP,75.25,overcast clouds,39.6367,141.9525,Hotel Route Inn Miyako
486,,,,,,,
487,Mazamari,PE,73.63,overcast clouds,-11.3258,-74.5308,Hospedaje Ratto
489,Yerofey Pavlovich,RU,71.64,overcast clouds,53.9667,121.9667,lounges and warm parking
490,Shizunai,JP,70.99,scattered clouds,42.3339,142.3669,Shizunai Eclipse Hotel
491,Cayenne,GF,81.09,few clouds,4.9333,-52.3333,Hôtel Le Dronmi
492,Coxim,BR,71.65,scattered clouds,-18.5067,-54.76,Hotel Avenida
495,Westport,US,83.62,clear sky,41.1415,-73.3579,The Westport Inn
497,Kalmunai,LK,81.28,overcast clouds,7.4167,81.8167,VS Villa
498,Gardendale,US,88.7,broken clouds,33.6601,-86.8128,Microtel Inn & Suites by Wyndham Gardendale
500,Suhbaatar,MN,69.01,broken clouds,50.2314,106.2078,Hotel Nine
501,Katsuura,JP,80.67,heavy intensity rain,35.1333,140.3,Katsuura Hotel Mikazuki
508,Lake City,US,78.78,clear sky,30.1897,-82.6393,Ramada Limited Lake City
509,Tiarei,PF,80.01,clear sky,-17.5333,-149.3333,Le Rocher de Tahiti
511,,,,,,,
512,Vero Beach,US,84.99,clear sky,27.6386,-80.3973,Kimpton Vero Beach Hotel & Spa
516,Shirvan,AZ,74.68,clear sky,39.9509,48.8994,Nəriman Nərimanov küçəsi Şirvan Azərbaycan
517,Bhera,PK,78.55,overcast clouds,32.4832,72.9097,Shahmeer Tea stall
521,Grand-Lahou,CI,73.81,overcast clouds,5.1367,-5.0242,Hotel Beatitude de Grand Lahou
523,Urumqi,CN,70.75,clear sky,43.801,87.6005,Hua Ling Grand Hotel Urumqi
524,Kumluca,TR,80.8,clear sky,36.3703,30.2869,Akkol Apart
525,Fulton,US,86.09,scattered clouds,33.7668,-84.4499,The Blue Door
526,Mabaruma,GY,72.66,overcast clouds,8.2,-59.7833,Monty Brooms Guest House
527,Pacific Grove,US,75.2,broken clouds,36.6177,-121.9166,Lovers Point Inn
529,Nuevo Casas Grandes,MX,91.26,overcast clouds,30.4167,-107.9167,Hotel Villa Colonial
530,Irricana,CA,78.78,clear sky,51.3237,-113.6048,Irricana Campground
531,Balabac,PH,85.19,broken clouds,7.9868,117.0645,Batalla’s Lodging House
534,Yanam,IN,84.51,overcast clouds,16.7333,82.2167,The Regency Hotel
535,Plover,US,78.55,clear sky,44.4564,-89.544,Hampton Inn Plover-Stevens Point
538,Tukrah,LY,75.45,clear sky,32.5341,20.5791,Lagrota restaurant
541,Buluang,PH,86.2,moderate rain,13.3068,123.3425,Sacueza Beach Resort
542,Ayia Paraskevi,GR,75.76,clear sky,40.4833,23.05,HEAVEN HOTEL THESSALONIKI AIRPORT
543,Lodwar,KE,74.68,overcast clouds,3.1191,35.5973,Solmar Gracious Hotel
544,Takoradi,GH,72.57,few clouds,4.8845,-1.7554,Raybow International Hotel
545,Ouro Preto Do Oeste,BR,73.31,clear sky,-10.7481,-62.2158,Graúna Resort Hotel
546,Tiquicheo,MX,76.55,broken clouds,18.8833,-100.7333,Hotel Alcatraz
547,,,,,,,
548,,,,,,,
549,Itaituba,BR,79.05,overcast clouds,-4.2761,-55.9836,Hotel Campos
550,North Bend,US,72.25,overcast clouds,43.4065,-124.2243,Red Lion Hotel Coos Bay
552,Lixourion,GR,76.78,clear sky,38.2019,20.4314,Hotel Summery
554,Nichinan,JP,87.48,overcast clouds,31.6,131.3667,Guest House Aki
555,Sao Felix Do Xingu,BR,79.48,overcast clouds,-6.6447,-51.995,Rio Xingu Camping
560,Beckley,US,77.41,clear sky,37.7782,-81.1882,"Country Inn & Suites by Radisson, Beckley, WV"
561,Kochi,IN,77.02,overcast clouds,9.9399,76.2602,Trident Hotel Cochin
563,Mumford,GH,72.82,scattered clouds,5.2618,-0.759,Spanish Villa
564,Chattanooga,US,84.02,scattered clouds,35.0456,-85.3097,The Read House
565,Nowogard,PL,76.96,clear sky,53.6744,15.1163,Pokoje Gościnne
567,,,,,,,
569,Bongor,TD,73.17,light rain,10.2806,15.3722,Oryx Palace
570,Codo,BR,72.68,clear sky,-4.4553,-43.8856,Hotel Porto do Sol
572,Bougouni,ML,71.47,overcast clouds,11.417,-7.479,Non Stop
573,Alofi,NU,76.89,broken clouds,-19.0595,-169.9187,Taloa Heights
574,Superior,US,81.48,clear sky,46.7208,-92.1041,"Holiday Inn Express & Suites Superior - Duluth Area, an IHG Hotel"
575,Porto Nacional,BR,73.4,clear sky,-10.7081,-48.4172,Vila Real Hotel
577,Kavaratti,IN,80.74,light rain,10.5669,72.642,Green leaf
580,,,,,,,
581,Pasni,PK,82.53,overcast clouds,25.2631,63.471,Kashmiri Hotal
583,Hohhot,CN,77.29,clear sky,40.8106,111.6522,Sheraton Hohhot Hotel
584,,,,,,,
585,Padang,ID,77.05,light rain,-0.9492,100.3543,Mercure Padang
586,Kiunga,PG,74.48,overcast clouds,-6.1219,141.2906,Airport Lodge Kiunga
587,Aswan,EG,87.1,clear sky,24.0934,32.907,Nuba Nile
588,Muvattupula,IN,76.78,overcast clouds,9.9667,76.5833,Indian Summer House
590,Freeport,US,88.97,clear sky,40.6576,-73.5832,The Freeport Inn and Marina
596,Port Hedland,AU,75.25,clear sky,-20.3167,118.5667,The Esplanade Hotel
597,Kaduna,NG,69.15,overcast clouds,10.5222,7.4383,HAMDALA HOTEL
598,Zhezkazgan,KZ,76.98,scattered clouds,47.8043,67.7144,Hotel Zumrat
599,Ascension,US,88.27,clear sky,30.2169,-90.9001,Highland Inn
601,Zhuanghe,CN,71.35,overcast clouds,39.7008,122.9911,Hanting Express Dalian Zhuanghe Qiansheng
603,,,,,,,
604,Labuhan,ID,81.68,clear sky,-6.8844,112.2051,DoubleFAG
606,Abu Kamal,SY,84.74,clear sky,34.4506,40.9171,البوكمال
607,Grande Prairie,CA,77.18,broken clouds,55.1667,-118.8027,"Holiday Inn Express Grande Prairie, an IHG Hotel"
608,Jangaon,IN,76.69,overcast clouds,17.7167,79.1833,Gabbeta real estate
609,Lamu,KE,71.82,light rain,-2.2717,40.902,Lamu House
610,Tahoua,NE,81.19,overcast clouds,14.8888,5.2692,Bungalows Guesthouse
612,Atambua,ID,80.1,scattered clouds,-9.1061,124.8925,Kost Alfa Flat
615,Tabou,CI,74.68,overcast clouds,4.423,-7.3528,hotêl doufoulougou
616,Manicore,BR,75.15,clear sky,-5.8092,-61.3003,Hotel Durval
617,Mayo,US,86.16,clear sky,38.8876,-76.5119,Resorts Resource Group International
618,Milkovo,RU,82.56,broken clouds,54.7167,158.6167,"Hotel ""Geologist"""
619,Benjamin Constant,BR,78.93,overcast clouds,-4.3831,-70.0311,CASA AVALIADA
622,Espanola,US,86.74,overcast clouds,35.9911,-106.0806,Santa Claran Hotel Casino
623,Helong,CN,70.18,overcast clouds,42.5397,128.9972,Helong Hotel
625,Indian Head,US,86.18,clear sky,38.6001,-77.1622,"Red Carpet Inn Indian Head, MD"
626,Mao,ES,75.76,clear sky,39.8885,4.2658,ARTIEM Capri
628,Santa Cruz,BO,71.06,few clouds,-17.8,-63.1667,Aviador Hotel Boutique
629,Kaspiysk,RU,71.78,few clouds,42.8816,47.6392,Alima Hostel
632,Salalah,OM,75.29,drizzle,17.0151,54.0924,"HAMDAN PLAZA HOTEL SALALAH, an HTG Hotel"
635,Salsomaggiore Terme,IT,77.92,clear sky,44.8148,9.9796,Hotel Ferrari
636,Turayf,SA,77.25,clear sky,31.6725,38.6637,Turaif
640,,,,,,,
641,Port Keats,AU,84.81,broken clouds,-14.25,129.55,TDC Village (Hundred Man Camp)
642,Linfen,CN,83.59,clear sky,36.0889,111.5189,Suoxing Hotel
643,Acapulco,MX,84.02,overcast clouds,16.8634,-99.8901,HS Hotsson Smart Acapulco
648,Ambulu,ID,79.41,few clouds,-8.345,113.6058,Hotel Ambulu Jember
649,,,,,,,
652,Voh,NC,82.38,overcast clouds,-20.9667,164.7,Le gîte du Koniambo
653,Mitsamiouli,KM,75.11,clear sky,-11.3847,43.2844,Foyer ADM
654,Glendive,US,84.49,clear sky,47.1053,-104.7125,Super 8 by Wyndham Glendive
657,Semporna,MY,85.35,scattered clouds,4.4818,118.6112,"Han Palace Hotel, Semporna, Sabah."
658,Sao Miguel,BR,74.17,light rain,-5.4667,-35.3667,CEJ - Centro Escoteiro da Juventude
659,Bobo Dioulasso,BF,75.65,few clouds,11.1771,-4.2979,IBA Hotel
660,Benicarlo,ES,78.91,clear sky,40.4165,0.4271,Hotel & Spa Peñíscola Plaza Suites
661,Lubao,PH,78.87,moderate rain,14.9167,120.55,Hacienda Gracia
662,Bubaque,GW,77.05,light rain,11.2833,-15.8333,"Casa Dora, Bubaque"
665,Zaysan,KZ,74.88,broken clouds,47.4667,84.8667,Ерлан үй
666,San Remo,IT,81.09,clear sky,43.8182,7.7612,Royal Hotel Sanremo
669,Kloulklubed,PW,82.9,overcast clouds,7.0419,134.2556,Storyboard Beach Resort
670,Gorontalo,ID,86.54,clear sky,0.5412,123.0595,Maqna Hotel by Prasanthi
671,Isangel,VU,84.31,broken clouds,-19.55,169.2667,Tanna Lodge
672,Ahuimanu,US,85.71,shower rain,21.4447,-157.8378,Paradise Bay Resort
673,Pali,IN,82.08,broken clouds,25.7667,73.3333,HOTEL THE AMBA VILAS
674,Bud,US,84.22,clear sky,39.447,-86.1758,Ted McQuinn Trust
675,Kumano,JP,80.94,overcast clouds,34.3442,132.5894,ホテル コラソン
677,Amarillo,US,90.09,clear sky,35.222,-101.8313,Microtel Inn & Suites by Wyndham Amarillo
678,Erzin,TR,74.39,clear sky,36.9559,36.2,Artemis Otel
679,Darnah,LY,76.01,clear sky,32.767,22.6367,فندق الفردوس
680,Najran,SA,84.85,overcast clouds,17.4924,44.1277,محمد هادي ال فطيح
682,,,,,,,
683,Bhan,PK,88.45,clear sky,26.5583,67.7214,ZAMIN Ali Khushk
